,Feature,Importance
3,Sp. Atk,0.5316969925088187
1,Attack,0.33891051090806024
4,Sp. Def,0.12939249658312105
