,Feature,Importance
0,Total,0.706305949242483
1,HP,0.09999958270634961
4,Sp. Atk,0.06018050099682751
2,Attack,0.04478509352458934
5,Sp. Def,0.014652014652014654
30,Type 2_Fighting,0.014453942111961833
17,Type 1_Ground,0.013954299668585383
23,Type 1_Steel,0.013954299668585383
3,Defense,0.013289809208176557
